{
  "id": "55156",
  "game": "gi",
  "entityType": "enemy",
  "name": "雷吉",
  "description": null,
  "stats": {},
  "resistance": {
    "Phys": -0.20000000298023224,
    "Fire": 0.10000000149011612,
    "Water": 0.10000000149011612,
    "Elec": 0.10000000149011612,
    "Ice": 0.10000000149011612,
    "Grass": 0.10000000149011612,
    "Wind": 0.10000000149011612,
    "Rock": 0.10000000149011612
  },
  "weakness": [],
  "icon": [
    "UI_MonsterIcon_Tribalwarrior_Slingshot_Bisonsaurus"
  ],
  "figure": null,
  "groups": [
    "地方传奇 > 5.5 夜魂试炼"
  ],
  "analysis": null,
  "source": {
    "files": [
      "gi/CH/computer.js",
      "gi/CH/database.js",
      "gi/CH/bosschallenge.js"
    ]
  }
}
